ID,title
0101f60e-907d-4fac-8390-fd78527c9ab8,1A
0102f60e-907d-4fac-8390-fd78527c9ab8,1B
0103f60e-907d-4fac-8390-fd78527c9ab8,1C
0104f60e-907d-4fac-8390-fd78527c9ab8,1D
0201f60e-907d-4fac-8390-fd78527c9ab8,2A
0202f60e-907d-4fac-8390-fd78527c9ab8,2B
0203f60e-907d-4fac-8390-fd78527c9ab8,2C
0204f60e-907d-4fac-8390-fd78527c9ab8,2D
0301f60e-907d-4fac-8390-fd78527c9ab8,3A
0302f60e-907d-4fac-8390-fd78527c9ab8,3B
0303f60e-907d-4fac-8390-fd78527c9ab8,3C
0304f60e-907d-4fac-8390-fd78527c9ab8,3D
0401f60e-907d-4fac-8390-fd78527c9ab8,4A
0402f60e-907d-4fac-8390-fd78527c9ab8,4B
0403f60e-907d-4fac-8390-fd78527c9ab8,4C
0404f60e-907d-4fac-8390-fd78527c9ab8,4D
0501f60e-907d-4fac-8390-fd78527c9ab8,5A
0502f60e-907d-4fac-8390-fd78527c9ab8,5B
0503f60e-907d-4fac-8390-fd78527c9ab8,5C
0504f60e-907d-4fac-8390-fd78527c9ab8,5D
0601f60e-907d-4fac-8390-fd78527c9ab8,6A
0602f60e-907d-4fac-8390-fd78527c9ab8,6B
0603f60e-907d-4fac-8390-fd78527c9ab8,6C
0604f60e-907d-4fac-8390-fd78527c9ab8,6D
0701f60e-907d-4fac-8390-fd78527c9ab8,7A
0702f60e-907d-4fac-8390-fd78527c9ab8,7B
0703f60e-907d-4fac-8390-fd78527c9ab8,7C
0704f60e-907d-4fac-8390-fd78527c9ab8,7D
0801f60e-907d-4fac-8390-fd78527c9ab8,8A
0802f60e-907d-4fac-8390-fd78527c9ab8,8B
0803f60e-907d-4fac-8390-fd78527c9ab8,8C
0804f60e-907d-4fac-8390-fd78527c9ab8,8D
0901f60e-907d-4fac-8390-fd78527c9ab8,9A
0902f60e-907d-4fac-8390-fd78527c9ab8,9B
0903f60e-907d-4fac-8390-fd78527c9ab8,9C
0904f60e-907d-4fac-8390-fd78527c9ab8,9D